anno,month,type,value
2010,1,AMAZONAS,1
2010,1,ANTIOQUIA,90
2010,1,ARAUCA,7
2010,1,ATLÁNTICO,153
2010,1,BOLÍVAR,71
2010,1,BOYACÁ,48
2010,1,CALDAS,103
2010,1,CAQUETÁ,34
2010,1,CASANARE,9
2010,1,CAUCA,36
2010,1,CESAR,52
2010,1,CHOCÓ,5
2010,1,CUNDINAMARCA,509
2010,1,CÓRDOBA,13
2010,1,GUAJIRA,20
2010,1,GUAVIARE,3
2010,1,HUILA,85
2010,1,MAGDALENA,37
2010,1,META,169
2010,1,NARIÑO,57
2010,1,NORTE DE SANTANDER,10
2010,1,PUTUMAYO,12
2010,1,QUINDÍO,20
2010,1,RISARALDA,57
2010,1,SAN ANDRÉS,4
2010,1,SANTANDER,203
2010,1,SUCRE,111
2010,1,TOLIMA,95
2010,1,VALLE,353
2010,1,VAUPÉS,3
2010,1,VICHADA,1
2010,2,AMAZONAS,1
2010,2,ANTIOQUIA,110
2010,2,ARAUCA,2
2010,2,ATLÁNTICO,110
2010,2,BOLÍVAR,30
2010,2,BOYACÁ,48
2010,2,CALDAS,64
2010,2,CAQUETÁ,19
2010,2,CASANARE,5
2010,2,CAUCA,14
2010,2,CESAR,46
2010,2,CHOCÓ,1
2010,2,CUNDINAMARCA,565
2010,2,CÓRDOBA,4
2010,2,GUAJIRA,17
2010,2,HUILA,52
2010,2,MAGDALENA,19
2010,2,META,192
2010,2,NARIÑO,149
2010,2,NORTE DE SANTANDER,9
2010,2,PUTUMAYO,9
2010,2,QUINDÍO,24
2010,2,RISARALDA,47
2010,2,SAN ANDRÉS,1
2010,2,SANTANDER,223
2010,2,SUCRE,116
2010,2,TOLIMA,91
2010,2,VALLE,267
2010,3,AMAZONAS,2
2010,3,ANTIOQUIA,76
2010,3,ARAUCA,4
2010,3,ATLÁNTICO,127
2010,3,BOLÍVAR,68
2010,3,BOYACÁ,22
2010,3,CALDAS,74
2010,3,CAQUETÁ,37
2010,3,CASANARE,8
2010,3,CAUCA,32
2010,3,CESAR,21
2010,3,CHOCÓ,10
2010,3,CUNDINAMARCA,708
2010,3,CÓRDOBA,34
2010,3,GUAJIRA,17
2010,3,HUILA,67
2010,3,MAGDALENA,36
2010,3,META,139
2010,3,NARIÑO,40
2010,3,NORTE DE SANTANDER,7
2010,3,PUTUMAYO,1
2010,3,QUINDÍO,14
2010,3,RISARALDA,71
2010,3,SAN ANDRÉS,3
2010,3,SANTANDER,219
2010,3,SUCRE,67
2010,3,TOLIMA,71
2010,3,VALLE,296
2010,4,AMAZONAS,1
2010,4,ANTIOQUIA,44
2010,4,ARAUCA,5
2010,4,ATLÁNTICO,156
2010,4,BOLÍVAR,42
2010,4,BOYACÁ,43
2010,4,CALDAS,87
2010,4,CAQUETÁ,15
2010,4,CASANARE,10
2010,4,CAUCA,27
2010,4,CESAR,7
2010,4,CHOCÓ,14
2010,4,CUNDINAMARCA,623
2010,4,CÓRDOBA,15
2010,4,GUAJIRA,79
2010,4,HUILA,62
2010,4,MAGDALENA,15
2010,4,META,134
2010,4,NARIÑO,64
2010,4,NORTE DE SANTANDER,22
2010,4,PUTUMAYO,5
2010,4,QUINDÍO,26
2010,4,RISARALDA,37
2010,4,SANTANDER,182
2010,4,SUCRE,82
2010,4,TOLIMA,80
2010,4,VALLE,303
2010,5,ANTIOQUIA,76
2010,5,ARAUCA,2
2010,5,ATLÁNTICO,177
2010,5,BOLÍVAR,83
2010,5,BOYACÁ,58
2010,5,CALDAS,69
2010,5,CAQUETÁ,11
2010,5,CASANARE,3
2010,5,CAUCA,49
2010,5,CESAR,20
2010,5,CHOCÓ,6
2010,5,CUNDINAMARCA,730
2010,5,CÓRDOBA,5
2010,5,GUAJIRA,59
2010,5,GUAVIARE,3
2010,5,HUILA,103
2010,5,MAGDALENA,44
2010,5,META,224
2010,5,NARIÑO,61
2010,5,NORTE DE SANTANDER,17
2010,5,PUTUMAYO,2
2010,5,QUINDÍO,31
2010,5,RISARALDA,48
2010,5,SAN ANDRÉS,1
2010,5,SANTANDER,161
2010,5,SUCRE,76
2010,5,TOLIMA,96
2010,5,VALLE,281
2010,6,AMAZONAS,2
2010,6,ANTIOQUIA,85
2010,6,ARAUCA,4
2010,6,ATLÁNTICO,146
2010,6,BOLÍVAR,40
2010,6,BOYACÁ,95
2010,6,CALDAS,81
2010,6,CAQUETÁ,18
2010,6,CASANARE,6
2010,6,CAUCA,25
2010,6,CESAR,20
2010,6,CHOCÓ,5
2010,6,CUNDINAMARCA,627
2010,6,CÓRDOBA,11
2010,6,GUAJIRA,45
2010,6,HUILA,74
2010,6,MAGDALENA,60
2010,6,META,154
2010,6,NARIÑO,11
2010,6,NORTE DE SANTANDER,13
2010,6,PUTUMAYO,2
2010,6,QUINDÍO,18
2010,6,RISARALDA,29
2010,6,SAN ANDRÉS,3
2010,6,SANTANDER,310
2010,6,SUCRE,94
2010,6,TOLIMA,140
2010,6,VALLE,251
2010,7,ANTIOQUIA,69
2010,7,ARAUCA,20
2010,7,ATLÁNTICO,237
2010,7,BOLÍVAR,90
2010,7,BOYACÁ,52
2010,7,CALDAS,53
2010,7,CAQUETÁ,29
2010,7,CASANARE,9
2010,7,CAUCA,12
2010,7,CESAR,20
2010,7,CHOCÓ,1
2010,7,CUNDINAMARCA,847
2010,7,CÓRDOBA,5
2010,7,GUAJIRA,11
2010,7,HUILA,179
2010,7,MAGDALENA,37
2010,7,META,134
2010,7,NARIÑO,21
2010,7,NORTE DE SANTANDER,25
2010,7,PUTUMAYO,8
2010,7,QUINDÍO,21
2010,7,RISARALDA,44
2010,7,SAN ANDRÉS,9
2010,7,SANTANDER,223
2010,7,SUCRE,89
2010,7,TOLIMA,103
2010,7,VALLE,315
2010,8,AMAZONAS,1
2010,8,ANTIOQUIA,63
2010,8,ARAUCA,10
2010,8,ATLÁNTICO,150
2010,8,BOLÍVAR,89
2010,8,BOYACÁ,61
2010,8,CALDAS,70
2010,8,CAQUETÁ,7
2010,8,CASANARE,9
2010,8,CAUCA,12
2010,8,CESAR,11
2010,8,CHOCÓ,13
2010,8,CUNDINAMARCA,710
2010,8,CÓRDOBA,2
2010,8,GUAJIRA,63
2010,8,GUAVIARE,2
2010,8,HUILA,97
2010,8,MAGDALENA,55
2010,8,META,242
2010,8,NARIÑO,42
2010,8,NORTE DE SANTANDER,15
2010,8,PUTUMAYO,4
2010,8,QUINDÍO,37
2010,8,RISARALDA,48
2010,8,SAN ANDRÉS,1
2010,8,SANTANDER,215
2010,8,SUCRE,64
2010,8,TOLIMA,91
2010,8,VALLE,330
2010,9,AMAZONAS,12
2010,9,ANTIOQUIA,57
2010,9,ARAUCA,7
2010,9,ATLÁNTICO,194
2010,9,BOLÍVAR,75
2010,9,BOYACÁ,57
2010,9,CALDAS,66
2010,9,CAQUETÁ,42
2010,9,CASANARE,5
2010,9,CAUCA,30
2010,9,CESAR,7
2010,9,CHOCÓ,1
2010,9,CUNDINAMARCA,683
2010,9,CÓRDOBA,11
2010,9,GUAJIRA,23
2010,9,HUILA,117
2010,9,MAGDALENA,37
2010,9,META,127
2010,9,NARIÑO,13
2010,9,NORTE DE SANTANDER,14
2010,9,PUTUMAYO,5
2010,9,QUINDÍO,27
2010,9,RISARALDA,70
2010,9,SAN ANDRÉS,1
2010,9,SANTANDER,188
2010,9,SUCRE,86
2010,9,TOLIMA,180
2010,9,VALLE,339
2010,10,ANTIOQUIA,65
2010,10,ARAUCA,4
2010,10,ATLÁNTICO,227
2010,10,BOLÍVAR,66
2010,10,BOYACÁ,40
2010,10,CALDAS,59
2010,10,CAQUETÁ,19
2010,10,CASANARE,10
2010,10,CAUCA,7
2010,10,CESAR,29
2010,10,CHOCÓ,3
2010,10,CUNDINAMARCA,607
2010,10,CÓRDOBA,3
2010,10,GUAINÍA,2
2010,10,GUAJIRA,30
2010,10,GUAVIARE,1
2010,10,HUILA,71
2010,10,MAGDALENA,26
2010,10,META,159
2010,10,NARIÑO,7
2010,10,NORTE DE SANTANDER,18
2010,10,PUTUMAYO,9
2010,10,QUINDÍO,40
2010,10,RISARALDA,88
2010,10,SAN ANDRÉS,1
2010,10,SANTANDER,192
2010,10,SUCRE,100
2010,10,TOLIMA,98
2010,10,VALLE,229
2010,10,VICHADA,1
2010,11,AMAZONAS,7
2010,11,ANTIOQUIA,74
2010,11,ARAUCA,24
2010,11,ATLÁNTICO,128
2010,11,BOLÍVAR,122
2010,11,BOYACÁ,35
2010,11,CALDAS,45
2010,11,CAQUETÁ,7
2010,11,CASANARE,4
2010,11,CAUCA,6
2010,11,CESAR,12
2010,11,CHOCÓ,1
2010,11,CUNDINAMARCA,483
2010,11,CÓRDOBA,8
2010,11,GUAJIRA,16
2010,11,HUILA,75
2010,11,MAGDALENA,12
2010,11,META,136
2010,11,NARIÑO,21
2010,11,NORTE DE SANTANDER,25
2010,11,PUTUMAYO,2
2010,11,QUINDÍO,40
2010,11,RISARALDA,239
2010,11,SAN ANDRÉS,5
2010,11,SANTANDER,128
2010,11,SUCRE,74
2010,11,TOLIMA,75
2010,11,VALLE,292
2010,12,AMAZONAS,3
2010,12,ANTIOQUIA,56
2010,12,ARAUCA,6
2010,12,ATLÁNTICO,176
2010,12,BOLÍVAR,429
2010,12,BOYACÁ,26
2010,12,CALDAS,50
2010,12,CAQUETÁ,4
2010,12,CASANARE,4
2010,12,CAUCA,1
2010,12,CESAR,14
2010,12,CHOCÓ,8
2010,12,CUNDINAMARCA,4633
2010,12,CÓRDOBA,1
2010,12,GUAJIRA,20
2010,12,HUILA,169
2010,12,MAGDALENA,8
2010,12,META,123
2010,12,NARIÑO,20
2010,12,NORTE DE SANTANDER,31
2010,12,QUINDÍO,23
2010,12,RISARALDA,42
2010,12,SANTANDER,122
2010,12,SUCRE,86
2010,12,TOLIMA,86
2010,12,VALLE,420
2011,1,AMAZONAS,2
2011,1,ANTIOQUIA,112
2011,1,ARAUCA,1
2011,1,ATLÁNTICO,201
2011,1,BOLÍVAR,52
2011,1,BOYACÁ,52
2011,1,CALDAS,68
2011,1,CAQUETÁ,5
2011,1,CASANARE,4
2011,1,CAUCA,19
2011,1,CESAR,37
2011,1,CHOCÓ,8
2011,1,CUNDINAMARCA,627
2011,1,CÓRDOBA,8
2011,1,GUAINÍA,1
2011,1,GUAJIRA,18
2011,1,HUILA,69
2011,1,MAGDALENA,56
2011,1,META,205
2011,1,NARIÑO,156
2011,1,NORTE DE SANTANDER,17
2011,1,PUTUMAYO,7
2011,1,QUINDÍO,23
2011,1,RISARALDA,94
2011,1,SAN ANDRÉS,1
2011,1,SANTANDER,187
2011,1,SUCRE,117
2011,1,TOLIMA,105
2011,1,VALLE,191
2011,2,AMAZONAS,1
2011,2,ANTIOQUIA,117
2011,2,ARAUCA,1
2011,2,ATLÁNTICO,230
2011,2,BOLÍVAR,131
2011,2,BOYACÁ,70
2011,2,CALDAS,63
2011,2,CAQUETÁ,117
2011,2,CASANARE,11
2011,2,CAUCA,12
2011,2,CESAR,37
2011,2,CHOCÓ,4
2011,2,CUNDINAMARCA,561
2011,2,CÓRDOBA,8
2011,2,GUAJIRA,17
2011,2,HUILA,73
2011,2,MAGDALENA,53
2011,2,META,196
2011,2,NARIÑO,214
2011,2,NORTE DE SANTANDER,23
2011,2,PUTUMAYO,24
2011,2,QUINDÍO,15
2011,2,RISARALDA,92
2011,2,SAN ANDRÉS,94
2011,2,SANTANDER,189
2011,2,SUCRE,65
2011,2,TOLIMA,108
2011,2,VALLE,367
2011,3,AMAZONAS,2
2011,3,ANTIOQUIA,98
2011,3,ARAUCA,36
2011,3,ATLÁNTICO,138
2011,3,BOLÍVAR,46
2011,3,BOYACÁ,65
2011,3,CALDAS,117
2011,3,CAQUETÁ,18
2011,3,CASANARE,10
2011,3,CAUCA,20
2011,3,CESAR,27
2011,3,CHOCÓ,4
2011,3,CUNDINAMARCA,664
2011,3,CÓRDOBA,10
2011,3,GUAINÍA,1
2011,3,GUAJIRA,25
2011,3,HUILA,54
2011,3,MAGDALENA,45
2011,3,META,172
2011,3,NARIÑO,139
2011,3,NORTE DE SANTANDER,36
2011,3,PUTUMAYO,6
2011,3,QUINDÍO,6
2011,3,RISARALDA,157
2011,3,SANTANDER,174
2011,3,SUCRE,157
2011,3,TOLIMA,105
2011,3,VALLE,287
2011,4,AMAZONAS,13
2011,4,ANTIOQUIA,107
2011,4,ARAUCA,5
2011,4,ATLÁNTICO,142
2011,4,BOLÍVAR,168
2011,4,BOYACÁ,60
2011,4,CALDAS,61
2011,4,CAQUETÁ,16
2011,4,CASANARE,3
2011,4,CAUCA,31
2011,4,CESAR,23
2011,4,CHOCÓ,6
2011,4,CUNDINAMARCA,699
2011,4,CÓRDOBA,35
2011,4,GUAJIRA,15
2011,4,HUILA,72
2011,4,MAGDALENA,77
2011,4,META,148
2011,4,NARIÑO,106
2011,4,NORTE DE SANTANDER,47
2011,4,PUTUMAYO,7
2011,4,QUINDÍO,2
2011,4,RISARALDA,101
2011,4,SAN ANDRÉS,5
2011,4,SANTANDER,213
2011,4,SUCRE,63
2011,4,TOLIMA,105
2011,4,VALLE,288
2011,5,ANTIOQUIA,82
2011,5,ARAUCA,4
2011,5,ATLÁNTICO,218
2011,5,BOLÍVAR,30
2011,5,BOYACÁ,93
2011,5,CALDAS,87
2011,5,CAQUETÁ,22
2011,5,CASANARE,5
2011,5,CAUCA,11
2011,5,CESAR,26
2011,5,CHOCÓ,3
2011,5,CUNDINAMARCA,549
2011,5,CÓRDOBA,33
2011,5,GUAJIRA,85
2011,5,GUAVIARE,2
2011,5,HUILA,135
2011,5,MAGDALENA,55
2011,5,META,155
2011,5,NARIÑO,110
2011,5,NORTE DE SANTANDER,49
2011,5,PUTUMAYO,2
2011,5,QUINDÍO,22
2011,5,RISARALDA,84
2011,5,SAN ANDRÉS,3
2011,5,SANTANDER,299
2011,5,SUCRE,88
2011,5,TOLIMA,117
2011,5,VALLE,296
2011,5,VICHADA,1
2011,6,ANTIOQUIA,76
2011,6,ARAUCA,8
2011,6,ATLÁNTICO,194
2011,6,BOLÍVAR,114
2011,6,BOYACÁ,64
2011,6,CALDAS,64
2011,6,CAQUETÁ,19
2011,6,CASANARE,21
2011,6,CAUCA,51
2011,6,CESAR,28
2011,6,CHOCÓ,7
2011,6,CUNDINAMARCA,484
2011,6,CÓRDOBA,3
2011,6,GUAJIRA,36
2011,6,HUILA,94
2011,6,MAGDALENA,56
2011,6,META,164
2011,6,NARIÑO,75
2011,6,NORTE DE SANTANDER,43
2011,6,PUTUMAYO,3
2011,6,QUINDÍO,26
2011,6,RISARALDA,120
2011,6,SAN ANDRÉS,7
2011,6,SANTANDER,147
2011,6,SUCRE,75
2011,6,TOLIMA,116
2011,6,VALLE,229
2011,7,ANTIOQUIA,105
2011,7,ARAUCA,3
2011,7,ATLÁNTICO,214
2011,7,BOLÍVAR,54
2011,7,BOYACÁ,41
2011,7,CALDAS,50
2011,7,CAQUETÁ,23
2011,7,CASANARE,10
2011,7,CAUCA,31
2011,7,CESAR,44
2011,7,CHOCÓ,5
2011,7,CUNDINAMARCA,416
2011,7,CÓRDOBA,1
2011,7,GUAINÍA,1
2011,7,GUAJIRA,14
2011,7,GUAVIARE,2
2011,7,HUILA,115
2011,7,MAGDALENA,66
2011,7,META,168
2011,7,NARIÑO,76
2011,7,NORTE DE SANTANDER,56
2011,7,PUTUMAYO,2
2011,7,QUINDÍO,14
2011,7,RISARALDA,86
2011,7,SAN ANDRÉS,8
2011,7,SANTANDER,193
2011,7,SUCRE,89
2011,7,TOLIMA,110
2011,7,VALLE,190
2011,7,VAUPÉS,1
2011,8,ANTIOQUIA,121
2011,8,ARAUCA,1
2011,8,ATLÁNTICO,232
2011,8,BOLÍVAR,82
2011,8,BOYACÁ,58
2011,8,CALDAS,44
2011,8,CAQUETÁ,31
2011,8,CASANARE,8
2011,8,CAUCA,29
2011,8,CESAR,109
2011,8,CHOCÓ,2
2011,8,CUNDINAMARCA,515
2011,8,CÓRDOBA,4
2011,8,GUAJIRA,5
2011,8,HUILA,124
2011,8,MAGDALENA,72
2011,8,META,241
2011,8,NARIÑO,49
2011,8,NORTE DE SANTANDER,43
2011,8,PUTUMAYO,2
2011,8,QUINDÍO,12
2011,8,RISARALDA,86
2011,8,SAN ANDRÉS,8
2011,8,SANTANDER,204
2011,8,SUCRE,81
2011,8,TOLIMA,118
2011,8,VALLE,275
2011,9,ANTIOQUIA,102
2011,9,ARAUCA,3
2011,9,ATLÁNTICO,228
2011,9,BOLÍVAR,32
2011,9,BOYACÁ,156
2011,9,CALDAS,63
2011,9,CAQUETÁ,26
2011,9,CASANARE,13
2011,9,CAUCA,24
2011,9,CESAR,78
2011,9,CHOCÓ,1
2011,9,CUNDINAMARCA,351
2011,9,CÓRDOBA,10
2011,9,GUAJIRA,4
2011,9,GUAVIARE,1
2011,9,HUILA,107
2011,9,MAGDALENA,78
2011,9,META,169
2011,9,NARIÑO,28
2011,9,NORTE DE SANTANDER,61
2011,9,PUTUMAYO,8
2011,9,QUINDÍO,7
2011,9,RISARALDA,86
2011,9,SAN ANDRÉS,6
2011,9,SANTANDER,176
2011,9,SUCRE,97
2011,9,TOLIMA,91
2011,9,VALLE,234
2011,10,ANTIOQUIA,139
2011,10,ARAUCA,7
2011,10,ATLÁNTICO,197
2011,10,BOLÍVAR,62
2011,10,BOYACÁ,64
2011,10,CALDAS,70
2011,10,CAQUETÁ,30
2011,10,CASANARE,8
2011,10,CAUCA,14
2011,10,CESAR,59
2011,10,CHOCÓ,4
2011,10,CUNDINAMARCA,338
2011,10,CÓRDOBA,18
2011,10,GUAINÍA,2
2011,10,GUAJIRA,37
2011,10,GUAVIARE,4
2011,10,HUILA,119
2011,10,MAGDALENA,62
2011,10,META,180
2011,10,NARIÑO,35
2011,10,NORTE DE SANTANDER,41
2011,10,PUTUMAYO,11
2011,10,QUINDÍO,17
2011,10,RISARALDA,88
2011,10,SAN ANDRÉS,2
2011,10,SANTANDER,263
2011,10,SUCRE,67
2011,10,TOLIMA,75
2011,10,VALLE,444
2011,11,AMAZONAS,1
2011,11,ANTIOQUIA,133
2011,11,ARAUCA,12
2011,11,ATLÁNTICO,161
2011,11,BOLÍVAR,68
2011,11,BOYACÁ,50
2011,11,CALDAS,76
2011,11,CAQUETÁ,23
2011,11,CASANARE,12
2011,11,CAUCA,9
2011,11,CESAR,46
2011,11,CHOCÓ,2
2011,11,CUNDINAMARCA,499
2011,11,CÓRDOBA,10
2011,11,GUAJIRA,130
2011,11,HUILA,124
2011,11,MAGDALENA,54
2011,11,META,159
2011,11,NARIÑO,39
2011,11,NORTE DE SANTANDER,80
2011,11,PUTUMAYO,1
2011,11,QUINDÍO,15
2011,11,RISARALDA,108
2011,11,SAN ANDRÉS,14
2011,11,SANTANDER,204
2011,11,SUCRE,96
2011,11,TOLIMA,120
2011,11,VALLE,282
2011,11,VICHADA,1
2011,12,ANTIOQUIA,100
2011,12,ARAUCA,5
2011,12,ATLÁNTICO,203
2011,12,BOLÍVAR,59
2011,12,BOYACÁ,77
2011,12,CALDAS,51
2011,12,CAQUETÁ,19
2011,12,CASANARE,6
2011,12,CAUCA,1
2011,12,CESAR,11
2011,12,CHOCÓ,4
2011,12,CUNDINAMARCA,356
2011,12,CÓRDOBA,5
2011,12,GUAJIRA,12
2011,12,GUAVIARE,3
2011,12,HUILA,387
2011,12,MAGDALENA,54
2011,12,META,124
2011,12,NARIÑO,35
2011,12,NORTE DE SANTANDER,46
2011,12,PUTUMAYO,7
2011,12,QUINDÍO,14
2011,12,RISARALDA,86
2011,12,SAN ANDRÉS,5
2011,12,SANTANDER,183
2011,12,SUCRE,71
2011,12,TOLIMA,71
2011,12,VALLE,159
2012,1,AMAZONAS,3
2012,1,ANTIOQUIA,181
2012,1,ARAUCA,8
2012,1,ATLÁNTICO,258
2012,1,BOLÍVAR,114
2012,1,BOYACÁ,69
2012,1,CALDAS,80
2012,1,CAQUETÁ,23
2012,1,CASANARE,19
2012,1,CAUCA,75
2012,1,CESAR,48
2012,1,CHOCÓ,85
2012,1,CUNDINAMARCA,657
2012,1,CÓRDOBA,42
2012,1,GUAJIRA,63
2012,1,HUILA,90
2012,1,MAGDALENA,54
2012,1,META,173
2012,1,NARIÑO,65
2012,1,NORTE DE SANTANDER,87
2012,1,PUTUMAYO,8
2012,1,QUINDÍO,69
2012,1,RISARALDA,159
2012,1,SAN ANDRÉS,9
2012,1,SANTANDER,231
2012,1,SUCRE,125
2012,1,TOLIMA,169
2012,1,VALLE,241
2012,2,AMAZONAS,2
2012,2,ANTIOQUIA,146
2012,2,ARAUCA,1
2012,2,ATLÁNTICO,312
2012,2,BOLÍVAR,75
2012,2,BOYACÁ,93
2012,2,CALDAS,80
2012,2,CAQUETÁ,40
2012,2,CASANARE,31
2012,2,CAUCA,86
2012,2,CESAR,69
2012,2,CHOCÓ,20
2012,2,CUNDINAMARCA,725
2012,2,CÓRDOBA,18
2012,2,GUAINÍA,5
2012,2,GUAJIRA,73
2012,2,HUILA,126
2012,2,MAGDALENA,77
2012,2,META,176
2012,2,NARIÑO,56
2012,2,NORTE DE SANTANDER,91
2012,2,PUTUMAYO,8
2012,2,QUINDÍO,95
2012,2,RISARALDA,127
2012,2,SAN ANDRÉS,9
2012,2,SANTANDER,234
2012,2,SUCRE,95
2012,2,TOLIMA,141
2012,2,VALLE,353
2012,3,AMAZONAS,4
2012,3,ANTIOQUIA,177
2012,3,ARAUCA,10
2012,3,ATLÁNTICO,204
2012,3,BOLÍVAR,163
2012,3,BOYACÁ,78
2012,3,CALDAS,75
2012,3,CAQUETÁ,20
2012,3,CASANARE,20
2012,3,CAUCA,89
2012,3,CESAR,45
2012,3,CHOCÓ,2
2012,3,CUNDINAMARCA,654
2012,3,CÓRDOBA,8
2012,3,GUAINÍA,1
2012,3,GUAJIRA,40
2012,3,GUAVIARE,2
2012,3,HUILA,133
2012,3,MAGDALENA,90
2012,3,META,183
2012,3,NARIÑO,55
2012,3,NORTE DE SANTANDER,55
2012,3,PUTUMAYO,9
2012,3,QUINDÍO,63
2012,3,RISARALDA,129
2012,3,SAN ANDRÉS,2
2012,3,SANTANDER,201
2012,3,SUCRE,68
2012,3,TOLIMA,194
2012,3,VALLE,385
2012,3,VAUPÉS,1
2012,3,VICHADA,2
2012,4,ANTIOQUIA,273
2012,4,ARAUCA,16
2012,4,ATLÁNTICO,315
2012,4,BOLÍVAR,58
2012,4,BOYACÁ,61
2012,4,CALDAS,66
2012,4,CAQUETÁ,34
2012,4,CASANARE,17
2012,4,CAUCA,81
2012,4,CESAR,57
2012,4,CHOCÓ,12
2012,4,CUNDINAMARCA,822
2012,4,CÓRDOBA,81
2012,4,GUAINÍA,1
2012,4,GUAJIRA,54
2012,4,GUAVIARE,2
2012,4,HUILA,122
2012,4,MAGDALENA,125
2012,4,META,219
2012,4,NARIÑO,93
2012,4,NORTE DE SANTANDER,73
2012,4,PUTUMAYO,13
2012,4,QUINDÍO,35
2012,4,RISARALDA,90
2012,4,SAN ANDRÉS,8
2012,4,SANTANDER,203
2012,4,SUCRE,95
2012,4,TOLIMA,141
2012,4,VALLE,304
2012,4,VAUPÉS,1
2012,4,VICHADA,2
2012,5,ANTIOQUIA,163
2012,5,ARAUCA,11
2012,5,ATLÁNTICO,207
2012,5,BOLÍVAR,72
2012,5,BOYACÁ,74
2012,5,CALDAS,82
2012,5,CAQUETÁ,42
2012,5,CASANARE,15
2012,5,CAUCA,79
2012,5,CESAR,87
2012,5,CHOCÓ,11
2012,5,CUNDINAMARCA,3930
2012,5,CÓRDOBA,30
2012,5,GUAJIRA,157
2012,5,HUILA,115
2012,5,MAGDALENA,76
2012,5,META,181
2012,5,NARIÑO,104
2012,5,NORTE DE SANTANDER,78
2012,5,PUTUMAYO,2
2012,5,QUINDÍO,56
2012,5,RISARALDA,92
2012,5,SAN ANDRÉS,6
2012,5,SANTANDER,237
2012,5,SUCRE,98
2012,5,TOLIMA,145
2012,5,VALLE,424
2012,5,VICHADA,1
2012,6,ANTIOQUIA,177
2012,6,ARAUCA,12
2012,6,ATLÁNTICO,222
2012,6,BOLÍVAR,62
2012,6,BOYACÁ,62
2012,6,CALDAS,73
2012,6,CAQUETÁ,52
2012,6,CASANARE,22
2012,6,CAUCA,97
2012,6,CESAR,39
2012,6,CHOCÓ,9
2012,6,CUNDINAMARCA,656
2012,6,CÓRDOBA,20
2012,6,GUAINÍA,1
2012,6,GUAJIRA,36
2012,6,GUAVIARE,4
2012,6,HUILA,141
2012,6,MAGDALENA,85
2012,6,META,185
2012,6,NARIÑO,51
2012,6,NORTE DE SANTANDER,51
2012,6,QUINDÍO,43
2012,6,RISARALDA,104
2012,6,SAN ANDRÉS,9
2012,6,SANTANDER,187
2012,6,SUCRE,89
2012,6,TOLIMA,290
2012,6,VALLE,325
2012,6,VICHADA,1
2012,7,AMAZONAS,1
2012,7,ANTIOQUIA,239
2012,7,ARAUCA,69
2012,7,ATLÁNTICO,248
2012,7,BOLÍVAR,70
2012,7,BOYACÁ,115
2012,7,CALDAS,103
2012,7,CAQUETÁ,28
2012,7,CASANARE,21
2012,7,CAUCA,44
2012,7,CESAR,37
2012,7,CHOCÓ,11
2012,7,CUNDINAMARCA,521
2012,7,CÓRDOBA,3
2012,7,GUAJIRA,50
2012,7,HUILA,114
2012,7,MAGDALENA,102
2012,7,META,170
2012,7,NARIÑO,50
2012,7,NORTE DE SANTANDER,69
2012,7,PUTUMAYO,9
2012,7,QUINDÍO,75
2012,7,RISARALDA,79
2012,7,SAN ANDRÉS,7
2012,7,SANTANDER,238
2012,7,SUCRE,97
2012,7,TOLIMA,129
2012,7,VALLE,319
2012,7,VICHADA,2
2012,8,AMAZONAS,2
2012,8,ANTIOQUIA,148
2012,8,ARAUCA,10
2012,8,ATLÁNTICO,263
2012,8,BOLÍVAR,83
2012,8,BOYACÁ,90
2012,8,CALDAS,139
2012,8,CAQUETÁ,43
2012,8,CASANARE,40
2012,8,CAUCA,44
2012,8,CESAR,82
2012,8,CHOCÓ,16
2012,8,CUNDINAMARCA,568
2012,8,CÓRDOBA,37
2012,8,GUAJIRA,25
2012,8,GUAVIARE,5
2012,8,HUILA,144
2012,8,MAGDALENA,82
2012,8,META,465
2012,8,NARIÑO,52
2012,8,NORTE DE SANTANDER,91
2012,8,PUTUMAYO,7
2012,8,QUINDÍO,83
2012,8,RISARALDA,110
2012,8,SAN ANDRÉS,5
2012,8,SANTANDER,434
2012,8,SUCRE,79
2012,8,TOLIMA,101
2012,8,VALLE,308
2012,8,VAUPÉS,2
2012,8,VICHADA,1
2012,9,AMAZONAS,2
2012,9,ANTIOQUIA,144
2012,9,ARAUCA,5
2012,9,ATLÁNTICO,256
2012,9,BOLÍVAR,96
2012,9,BOYACÁ,58
2012,9,CALDAS,66
2012,9,CAQUETÁ,44
2012,9,CASANARE,11
2012,9,CAUCA,61
2012,9,CESAR,106
2012,9,CHOCÓ,9
2012,9,CUNDINAMARCA,385
2012,9,CÓRDOBA,35
2012,9,GUAINÍA,1
2012,9,GUAJIRA,19
2012,9,HUILA,224
2012,9,MAGDALENA,123
2012,9,META,202
2012,9,NARIÑO,57
2012,9,NORTE DE SANTANDER,56
2012,9,PUTUMAYO,40
2012,9,QUINDÍO,90
2012,9,RISARALDA,114
2012,9,SAN ANDRÉS,4
2012,9,SANTANDER,250
2012,9,SUCRE,69
2012,9,TOLIMA,117
2012,9,VALLE,330
2012,9,VAUPÉS,7
2012,9,VICHADA,5
2012,10,ANTIOQUIA,125
2012,10,ARAUCA,5
2012,10,ATLÁNTICO,194
2012,10,BOLÍVAR,64
2012,10,BOYACÁ,50
2012,10,CALDAS,55
2012,10,CAQUETÁ,27
2012,10,CASANARE,14
2012,10,CAUCA,33
2012,10,CESAR,55
2012,10,CHOCÓ,14
2012,10,CUNDINAMARCA,422
2012,10,CÓRDOBA,18
2012,10,GUAINÍA,1
2012,10,GUAJIRA,21
2012,10,HUILA,176
2012,10,MAGDALENA,73
2012,10,META,123
2012,10,NARIÑO,154
2012,10,NORTE DE SANTANDER,58
2012,10,PUTUMAYO,8
2012,10,QUINDÍO,59
2012,10,RISARALDA,80
2012,10,SAN ANDRÉS,4
2012,10,SANTANDER,194
2012,10,SUCRE,49
2012,10,TOLIMA,116
2012,10,VALLE,241
2012,10,VICHADA,8
2012,11,ANTIOQUIA,74
2012,11,ARAUCA,1
2012,11,ATLÁNTICO,192
2012,11,BOLÍVAR,42
2012,11,BOYACÁ,30
2012,11,CALDAS,38
2012,11,CAQUETÁ,27
2012,11,CASANARE,19
2012,11,CAUCA,22
2012,11,CESAR,34
2012,11,CHOCÓ,6
2012,11,CUNDINAMARCA,475
2012,11,CÓRDOBA,14
2012,11,GUAJIRA,20
2012,11,HUILA,129
2012,11,MAGDALENA,14
2012,11,META,85
2012,11,NARIÑO,33
2012,11,NORTE DE SANTANDER,50
2012,11,PUTUMAYO,7
2012,11,QUINDÍO,51
2012,11,RISARALDA,74
2012,11,SAN ANDRÉS,7
2012,11,SANTANDER,96
2012,11,SUCRE,29
2012,11,TOLIMA,66
2012,11,VALLE,230
2012,11,VAUPÉS,13
2012,11,VICHADA,4
2012,12,AMAZONAS,3
2012,12,ANTIOQUIA,90
2012,12,ARAUCA,4
2012,12,ATLÁNTICO,143
2012,12,BOLÍVAR,51
2012,12,BOYACÁ,47
2012,12,CALDAS,74
2012,12,CAQUETÁ,22
2012,12,CASANARE,6
2012,12,CAUCA,41
2012,12,CESAR,90
2012,12,CHOCÓ,4
2012,12,CUNDINAMARCA,453
2012,12,CÓRDOBA,13
2012,12,GUAINÍA,2
2012,12,GUAJIRA,24
2012,12,HUILA,161
2012,12,MAGDALENA,153
2012,12,META,60
2012,12,NARIÑO,39
2012,12,NORTE DE SANTANDER,52
2012,12,PUTUMAYO,17
2012,12,QUINDÍO,84
2012,12,RISARALDA,97
2012,12,SAN ANDRÉS,11
2012,12,SANTANDER,161
2012,12,SUCRE,43
2012,12,TOLIMA,127
2012,12,VALLE,202
2013,1,AMAZONAS,1
2013,1,ANTIOQUIA,299
2013,1,ARAUCA,4
2013,1,ATLÁNTICO,267
2013,1,BOLÍVAR,85
2013,1,BOYACÁ,51
2013,1,CALDAS,67
2013,1,CAQUETÁ,38
2013,1,CASANARE,27
2013,1,CAUCA,51
2013,1,CESAR,77
2013,1,CHOCÓ,18
2013,1,CUNDINAMARCA,845
2013,1,CÓRDOBA,53
2013,1,GUAINÍA,2
2013,1,GUAJIRA,72
2013,1,GUAVIARE,3
2013,1,HUILA,189
2013,1,MAGDALENA,100
2013,1,META,225
2013,1,NARIÑO,54
2013,1,NORTE DE SANTANDER,112
2013,1,PUTUMAYO,10
2013,1,QUINDÍO,81
2013,1,RISARALDA,99
2013,1,SAN ANDRÉS,9
2013,1,SANTANDER,192
2013,1,SUCRE,82
2013,1,TOLIMA,131
2013,1,VALLE,348
2013,1,VAUPÉS,1
2013,1,VICHADA,3
2013,2,AMAZONAS,9
2013,2,ANTIOQUIA,175
2013,2,ARAUCA,7
2013,2,ATLÁNTICO,202
2013,2,BOLÍVAR,51
2013,2,BOYACÁ,61
2013,2,CALDAS,46
2013,2,CAQUETÁ,30
2013,2,CASANARE,17
2013,2,CAUCA,82
2013,2,CESAR,35
2013,2,CHOCÓ,14
2013,2,CUNDINAMARCA,765
2013,2,CÓRDOBA,59
2013,2,GUAINÍA,1
2013,2,GUAJIRA,24
2013,2,GUAVIARE,2
2013,2,HUILA,120
2013,2,MAGDALENA,94
2013,2,META,136
2013,2,NARIÑO,34
2013,2,NORTE DE SANTANDER,63
2013,2,PUTUMAYO,5
2013,2,QUINDÍO,112
2013,2,RISARALDA,95
2013,2,SAN ANDRÉS,10
2013,2,SANTANDER,244
2013,2,SUCRE,90
2013,2,TOLIMA,124
2013,2,VALLE,358
2013,2,VICHADA,6
2013,3,AMAZONAS,2
2013,3,ANTIOQUIA,129
2013,3,ARAUCA,5
2013,3,ATLÁNTICO,241
2013,3,BOLÍVAR,81
2013,3,BOYACÁ,93
2013,3,CALDAS,54
2013,3,CAQUETÁ,45
2013,3,CASANARE,20
2013,3,CAUCA,52
2013,3,CESAR,36
2013,3,CHOCÓ,19
2013,3,CUNDINAMARCA,898
2013,3,CÓRDOBA,47
2013,3,GUAINÍA,1
2013,3,GUAJIRA,40
2013,3,HUILA,158
2013,3,MAGDALENA,133
2013,3,META,228
2013,3,NARIÑO,23
2013,3,NORTE DE SANTANDER,53
2013,3,PUTUMAYO,6
2013,3,QUINDÍO,69
2013,3,RISARALDA,93
2013,3,SAN ANDRÉS,11
2013,3,SANTANDER,263
2013,3,SUCRE,86
2013,3,TOLIMA,132
2013,3,VALLE,358
2013,3,VAUPÉS,1
2013,3,VICHADA,3
2013,4,ANTIOQUIA,207
2013,4,ARAUCA,12
2013,4,ATLÁNTICO,317
2013,4,BOLÍVAR,57
2013,4,BOYACÁ,88
2013,4,CALDAS,56
2013,4,CAQUETÁ,28
2013,4,CASANARE,35
2013,4,CAUCA,67
2013,4,CESAR,46
2013,4,CHOCÓ,19
2013,4,CUNDINAMARCA,864
2013,4,CÓRDOBA,123
2013,4,GUAJIRA,38
2013,4,HUILA,148
2013,4,MAGDALENA,96
2013,4,META,175
2013,4,NARIÑO,35
2013,4,NORTE DE SANTANDER,70
2013,4,PUTUMAYO,8
2013,4,QUINDÍO,77
2013,4,RISARALDA,79
2013,4,SAN ANDRÉS,9
2013,4,SANTANDER,254
2013,4,SUCRE,110
2013,4,TOLIMA,143
2013,4,VALLE,427
2013,4,VAUPÉS,2
2013,4,VICHADA,8
2013,5,AMAZONAS,2
2013,5,ANTIOQUIA,130
2013,5,ARAUCA,11
2013,5,ATLÁNTICO,256
2013,5,BOLÍVAR,86
2013,5,BOYACÁ,96
2013,5,CALDAS,67
2013,5,CAQUETÁ,46
2013,5,CASANARE,13
2013,5,CAUCA,38
2013,5,CESAR,122
2013,5,CHOCÓ,19
2013,5,CUNDINAMARCA,949
2013,5,CÓRDOBA,81
2013,5,GUAINÍA,2
2013,5,GUAJIRA,33
2013,5,GUAVIARE,1
2013,5,HUILA,122
2013,5,MAGDALENA,149
2013,5,META,175
2013,5,NARIÑO,1842
2013,5,NORTE DE SANTANDER,66
2013,5,PUTUMAYO,8
2013,5,QUINDÍO,63
2013,5,RISARALDA,82
2013,5,SAN ANDRÉS,22
2013,5,SANTANDER,276
2013,5,SUCRE,72
2013,5,TOLIMA,201
2013,5,VALLE,373
2013,5,VAUPÉS,1
2013,5,VICHADA,1
2013,6,AMAZONAS,3
2013,6,ANTIOQUIA,173
2013,6,ARAUCA,13
2013,6,ATLÁNTICO,291
2013,6,BOLÍVAR,63
2013,6,BOYACÁ,82
2013,6,CALDAS,56
2013,6,CAQUETÁ,290
2013,6,CASANARE,30
2013,6,CAUCA,50
2013,6,CESAR,87
2013,6,CHOCÓ,11
2013,6,CUNDINAMARCA,1016
2013,6,CÓRDOBA,77
2013,6,GUAINÍA,6
2013,6,GUAJIRA,30
2013,6,GUAVIARE,1
2013,6,HUILA,177
2013,6,MAGDALENA,114
2013,6,META,145
2013,6,NARIÑO,69
2013,6,NORTE DE SANTANDER,93
2013,6,PUTUMAYO,7
2013,6,QUINDÍO,97
2013,6,RISARALDA,67
2013,6,SAN ANDRÉS,9
2013,6,SANTANDER,237
2013,6,SUCRE,149
2013,6,TOLIMA,199
2013,6,VALLE,414
2013,6,VICHADA,26
2013,7,AMAZONAS,4
2013,7,ANTIOQUIA,287
2013,7,ARAUCA,7
2013,7,ATLÁNTICO,225
2013,7,BOLÍVAR,50
2013,7,BOYACÁ,72
2013,7,CALDAS,110
2013,7,CAQUETÁ,44
2013,7,CASANARE,25
2013,7,CAUCA,82
2013,7,CESAR,79
2013,7,CHOCÓ,13
2013,7,CUNDINAMARCA,1015
2013,7,CÓRDOBA,168
2013,7,GUAINÍA,1
2013,7,GUAJIRA,37
2013,7,GUAVIARE,1
2013,7,HUILA,193
2013,7,MAGDALENA,129
2013,7,META,164
2013,7,NARIÑO,142
2013,7,NORTE DE SANTANDER,82
2013,7,PUTUMAYO,14
2013,7,QUINDÍO,58
2013,7,RISARALDA,78
2013,7,SAN ANDRÉS,6
2013,7,SANTANDER,223
2013,7,SUCRE,113
2013,7,TOLIMA,107
2013,7,VALLE,437
2013,7,VICHADA,6
2013,8,AMAZONAS,1
2013,8,ANTIOQUIA,246
2013,8,ARAUCA,16
2013,8,ATLÁNTICO,294
2013,8,BOLÍVAR,92
2013,8,BOYACÁ,104
2013,8,CALDAS,97
2013,8,CAQUETÁ,38
2013,8,CASANARE,34
2013,8,CAUCA,19
2013,8,CESAR,66
2013,8,CHOCÓ,14
2013,8,CUNDINAMARCA,853
2013,8,CÓRDOBA,62
2013,8,GUAINÍA,1
2013,8,GUAJIRA,35
2013,8,HUILA,146
2013,8,MAGDALENA,130
2013,8,META,135
2013,8,NARIÑO,175
2013,8,NORTE DE SANTANDER,79
2013,8,PUTUMAYO,9
2013,8,QUINDÍO,108
2013,8,RISARALDA,70
2013,8,SAN ANDRÉS,10
2013,8,SANTANDER,231
2013,8,SUCRE,100
2013,8,TOLIMA,131
2013,8,VALLE,289
2013,8,VAUPÉS,1
2013,8,VICHADA,3
2013,9,ANTIOQUIA,252
2013,9,ARAUCA,15
2013,9,ATLÁNTICO,276
2013,9,BOLÍVAR,97
2013,9,BOYACÁ,147
2013,9,CALDAS,76
2013,9,CAQUETÁ,42
2013,9,CASANARE,66
2013,9,CAUCA,16
2013,9,CESAR,87
2013,9,CHOCÓ,24
2013,9,CUNDINAMARCA,734
2013,9,CÓRDOBA,72
2013,9,GUAJIRA,41
2013,9,HUILA,143
2013,9,MAGDALENA,116
2013,9,META,103
2013,9,NARIÑO,147
2013,9,NORTE DE SANTANDER,94
2013,9,PUTUMAYO,12
2013,9,QUINDÍO,106
2013,9,RISARALDA,68
2013,9,SAN ANDRÉS,6
2013,9,SANTANDER,285
2013,9,SUCRE,111
2013,9,TOLIMA,138
2013,9,VALLE,411
2013,9,VAUPÉS,1
2013,9,VICHADA,2
2013,10,AMAZONAS,4
2013,10,ANTIOQUIA,414
2013,10,ARAUCA,13
2013,10,ATLÁNTICO,261
2013,10,BOLÍVAR,74
2013,10,BOYACÁ,122
2013,10,CALDAS,73
2013,10,CAQUETÁ,36
2013,10,CASANARE,27
2013,10,CAUCA,31
2013,10,CESAR,73
2013,10,CHOCÓ,59
2013,10,CUNDINAMARCA,795
2013,10,CÓRDOBA,66
2013,10,GUAINÍA,2
2013,10,GUAJIRA,44
2013,10,GUAVIARE,2
2013,10,HUILA,146
2013,10,MAGDALENA,162
2013,10,META,85
2013,10,NARIÑO,164
2013,10,NORTE DE SANTANDER,51
2013,10,PUTUMAYO,64
2013,10,QUINDÍO,65
2013,10,RISARALDA,366
2013,10,SAN ANDRÉS,4
2013,10,SANTANDER,268
2013,10,SUCRE,99
2013,10,TOLIMA,139
2013,10,VALLE,353
2013,10,VICHADA,8
2013,11,AMAZONAS,2
2013,11,ANTIOQUIA,191
2013,11,ARAUCA,10
2013,11,ATLÁNTICO,168
2013,11,BOLÍVAR,65
2013,11,BOYACÁ,70
2013,11,CALDAS,58
2013,11,CAQUETÁ,35
2013,11,CASANARE,15
2013,11,CAUCA,37
2013,11,CESAR,81
2013,11,CHOCÓ,10
2013,11,CUNDINAMARCA,1026
2013,11,CÓRDOBA,64
2013,11,GUAINÍA,2
2013,11,GUAJIRA,166
2013,11,HUILA,131
2013,11,MAGDALENA,131
2013,11,META,90
2013,11,NARIÑO,117
2013,11,NORTE DE SANTANDER,68
2013,11,PUTUMAYO,7
2013,11,QUINDÍO,96
2013,11,RISARALDA,98
2013,11,SAN ANDRÉS,6
2013,11,SANTANDER,204
2013,11,SUCRE,117
2013,11,TOLIMA,85
2013,11,VALLE,595
2013,11,VICHADA,17
2013,12,AMAZONAS,3
2013,12,ANTIOQUIA,175
2013,12,ARAUCA,7
2013,12,ATLÁNTICO,183
2013,12,BOLÍVAR,79
2013,12,BOYACÁ,38
2013,12,CALDAS,25
2013,12,CAQUETÁ,39
2013,12,CASANARE,29
2013,12,CAUCA,48
2013,12,CESAR,49
2013,12,CHOCÓ,11
2013,12,CUNDINAMARCA,815
2013,12,CÓRDOBA,53
2013,12,GUAINÍA,1
2013,12,GUAJIRA,29
2013,12,GUAVIARE,1
2013,12,HUILA,141
2013,12,MAGDALENA,644
2013,12,META,111
2013,12,NARIÑO,57
2013,12,NORTE DE SANTANDER,50
2013,12,PUTUMAYO,10
2013,12,QUINDÍO,46
2013,12,RISARALDA,61
2013,12,SAN ANDRÉS,3
2013,12,SANTANDER,175
2013,12,SUCRE,107
2013,12,TOLIMA,76
2013,12,VALLE,384
2013,12,VICHADA,1
2014,1,AMAZONAS,8
2014,1,ANTIOQUIA,411
2014,1,ARAUCA,13
2014,1,ATLÁNTICO,269
2014,1,BOLÍVAR,210
2014,1,BOYACÁ,49
2014,1,CALDAS,110
2014,1,CAQUETÁ,64
2014,1,CASANARE,16
2014,1,CAUCA,46
2014,1,CESAR,76
2014,1,CHOCÓ,50
2014,1,CUNDINAMARCA,737
2014,1,CÓRDOBA,79
2014,1,GUAINÍA,1
2014,1,GUAJIRA,52
2014,1,HUILA,105
2014,1,MAGDALENA,147
2014,1,META,255
2014,1,NARIÑO,154
2014,1,NORTE DE SANTANDER,61
2014,1,PUTUMAYO,5
2014,1,QUINDÍO,113
2014,1,RISARALDA,85
2014,1,SAN ANDRÉS,47
2014,1,SANTANDER,196
2014,1,SUCRE,142
2014,1,TOLIMA,196
2014,1,VALLE,395
2014,1,VICHADA,3
2014,2,AMAZONAS,5
2014,2,ANTIOQUIA,360
2014,2,ARAUCA,14
2014,2,ATLÁNTICO,271
2014,2,BOLÍVAR,78
2014,2,BOYACÁ,42
2014,2,CALDAS,69
2014,2,CAQUETÁ,54
2014,2,CASANARE,39
2014,2,CAUCA,42
2014,2,CESAR,60
2014,2,CHOCÓ,31
2014,2,CUNDINAMARCA,809
2014,2,CÓRDOBA,145
2014,2,GUAJIRA,44
2014,2,HUILA,128
2014,2,MAGDALENA,92
2014,2,META,180
2014,2,NARIÑO,131
2014,2,NORTE DE SANTANDER,87
2014,2,PUTUMAYO,12
2014,2,QUINDÍO,87
2014,2,RISARALDA,112
2014,2,SAN ANDRÉS,11
2014,2,SANTANDER,169
2014,2,SUCRE,81
2014,2,TOLIMA,142
2014,2,VALLE,394
2014,3,AMAZONAS,5
2014,3,ANTIOQUIA,433
2014,3,ARAUCA,13
2014,3,ATLÁNTICO,507
2014,3,BOLÍVAR,93
2014,3,BOYACÁ,166
2014,3,CALDAS,72
2014,3,CAQUETÁ,33
2014,3,CASANARE,19
2014,3,CAUCA,59
2014,3,CESAR,40
2014,3,CHOCÓ,42
2014,3,CUNDINAMARCA,831
2014,3,CÓRDOBA,64
2014,3,GUAJIRA,42
2014,3,GUAVIARE,2
2014,3,HUILA,134
2014,3,MAGDALENA,140
2014,3,META,177
2014,3,NARIÑO,74
2014,3,NORTE DE SANTANDER,85
2014,3,PUTUMAYO,38
2014,3,QUINDÍO,100
2014,3,RISARALDA,117
2014,3,SAN ANDRÉS,4
2014,3,SANTANDER,271
2014,3,SUCRE,129
2014,3,TOLIMA,198
2014,3,VALLE,484
2014,4,AMAZONAS,13
2014,4,ANTIOQUIA,245
2014,4,ARAUCA,14
2014,4,ATLÁNTICO,350
2014,4,BOLÍVAR,72
2014,4,BOYACÁ,74
2014,4,CALDAS,43
2014,4,CAQUETÁ,20
2014,4,CASANARE,21
2014,4,CAUCA,84
2014,4,CESAR,144
2014,4,CHOCÓ,31
2014,4,CUNDINAMARCA,1038
2014,4,CÓRDOBA,59
2014,4,GUAJIRA,45
2014,4,HUILA,120
2014,4,MAGDALENA,121
2014,4,META,159
2014,4,NARIÑO,104
2014,4,NORTE DE SANTANDER,92
2014,4,PUTUMAYO,11
2014,4,QUINDÍO,68
2014,4,RISARALDA,76
2014,4,SAN ANDRÉS,4
2014,4,SANTANDER,250
2014,4,SUCRE,169
2014,4,TOLIMA,131
2014,4,VALLE,494
2014,4,VICHADA,2
2014,5,AMAZONAS,4
2014,5,ANTIOQUIA,492
2014,5,ARAUCA,16
2014,5,ATLÁNTICO,485
2014,5,BOLÍVAR,87
2014,5,BOYACÁ,80
2014,5,CALDAS,84
2014,5,CAQUETÁ,28
2014,5,CASANARE,29
2014,5,CAUCA,63
2014,5,CESAR,106
2014,5,CHOCÓ,11
2014,5,CUNDINAMARCA,853
2014,5,CÓRDOBA,97
2014,5,GUAJIRA,39
2014,5,HUILA,147
2014,5,MAGDALENA,143
2014,5,META,168
2014,5,NARIÑO,177
2014,5,NORTE DE SANTANDER,49
2014,5,PUTUMAYO,15
2014,5,QUINDÍO,68
2014,5,RISARALDA,88
2014,5,SAN ANDRÉS,13
2014,5,SANTANDER,247
2014,5,SUCRE,114
2014,5,TOLIMA,132
2014,5,VALLE,677
2014,6,AMAZONAS,1
2014,6,ANTIOQUIA,275
2014,6,ARAUCA,11
2014,6,ATLÁNTICO,245
2014,6,BOLÍVAR,95
2014,6,BOYACÁ,80
2014,6,CALDAS,106
2014,6,CAQUETÁ,46
2014,6,CASANARE,37
2014,6,CAUCA,90
2014,6,CESAR,48
2014,6,CHOCÓ,20
2014,6,CUNDINAMARCA,697
2014,6,CÓRDOBA,57
2014,6,GUAINÍA,2
2014,6,GUAJIRA,27
2014,6,GUAVIARE,1
2014,6,HUILA,138
2014,6,MAGDALENA,86
2014,6,META,132
2014,6,NARIÑO,65
2014,6,NORTE DE SANTANDER,62
2014,6,PUTUMAYO,11
2014,6,QUINDÍO,72
2014,6,RISARALDA,101
2014,6,SAN ANDRÉS,14
2014,6,SANTANDER,149
2014,6,SUCRE,71
2014,6,TOLIMA,144
2014,6,VALLE,378
2014,6,VAUPÉS,1
2014,6,VICHADA,2
2014,7,AMAZONAS,4
2014,7,ANTIOQUIA,335
2014,7,ARAUCA,37
2014,7,ATLÁNTICO,377
2014,7,BOLÍVAR,72
2014,7,BOYACÁ,69
2014,7,CALDAS,99
2014,7,CAQUETÁ,54
2014,7,CASANARE,56
2014,7,CAUCA,37
2014,7,CESAR,50
2014,7,CHOCÓ,15
2014,7,CUNDINAMARCA,871
2014,7,CÓRDOBA,116
2014,7,GUAINÍA,1
2014,7,GUAJIRA,28
2014,7,HUILA,139
2014,7,MAGDALENA,99
2014,7,META,148
2014,7,NARIÑO,96
2014,7,NORTE DE SANTANDER,66
2014,7,PUTUMAYO,4
2014,7,QUINDÍO,37
2014,7,RISARALDA,70
2014,7,SAN ANDRÉS,8
2014,7,SANTANDER,193
2014,7,SUCRE,162
2014,7,TOLIMA,108
2014,7,VALLE,378
2014,8,AMAZONAS,2
2014,8,ANTIOQUIA,363
2014,8,ARAUCA,19
2014,8,ATLÁNTICO,523
2014,8,BOLÍVAR,100
2014,8,BOYACÁ,72
2014,8,CALDAS,116
2014,8,CAQUETÁ,59
2014,8,CASANARE,47
2014,8,CAUCA,43
2014,8,CESAR,62
2014,8,CHOCÓ,28
2014,8,CUNDINAMARCA,994
2014,8,CÓRDOBA,68
2014,8,GUAINÍA,2
2014,8,GUAJIRA,35
2014,8,HUILA,131
2014,8,MAGDALENA,140
2014,8,META,120
2014,8,NARIÑO,96
2014,8,NORTE DE SANTANDER,93
2014,8,PUTUMAYO,12
2014,8,QUINDÍO,125
2014,8,RISARALDA,100
2014,8,SAN ANDRÉS,6
2014,8,SANTANDER,285
2014,8,SUCRE,84
2014,8,TOLIMA,141
2014,8,VALLE,407
2014,9,AMAZONAS,2
2014,9,ANTIOQUIA,457
2014,9,ARAUCA,15
2014,9,ATLÁNTICO,251
2014,9,BOLÍVAR,132
2014,9,BOYACÁ,93
2014,9,CALDAS,99
2014,9,CAQUETÁ,56
2014,9,CASANARE,44
2014,9,CAUCA,64
2014,9,CESAR,48
2014,9,CHOCÓ,11
2014,9,CUNDINAMARCA,1640
2014,9,CÓRDOBA,88
2014,9,GUAJIRA,33
2014,9,GUAVIARE,7
2014,9,HUILA,152
2014,9,MAGDALENA,111
2014,9,META,198
2014,9,NARIÑO,135
2014,9,NORTE DE SANTANDER,71
2014,9,PUTUMAYO,23
2014,9,QUINDÍO,91
2014,9,RISARALDA,86
2014,9,SAN ANDRÉS,12
2014,9,SANTANDER,192
2014,9,SUCRE,102
2014,9,TOLIMA,147
2014,9,VALLE,471
2014,9,VICHADA,1
2014,10,AMAZONAS,1
2014,10,ANTIOQUIA,317
2014,10,ARAUCA,15
2014,10,ATLÁNTICO,188
2014,10,BOLÍVAR,84
2014,10,BOYACÁ,71
2014,10,CALDAS,144
2014,10,CAQUETÁ,43
2014,10,CASANARE,35
2014,10,CAUCA,110
2014,10,CESAR,61
2014,10,CHOCÓ,22
2014,10,CUNDINAMARCA,829
2014,10,CÓRDOBA,58
2014,10,GUAJIRA,79
2014,10,GUAVIARE,1
2014,10,HUILA,122
2014,10,MAGDALENA,97
2014,10,META,138
2014,10,NARIÑO,36
2014,10,NORTE DE SANTANDER,81
2014,10,PUTUMAYO,10
2014,10,QUINDÍO,113
2014,10,RISARALDA,99
2014,10,SAN ANDRÉS,8
2014,10,SANTANDER,235
2014,10,SUCRE,76
2014,10,TOLIMA,154
2014,10,VALLE,480
2014,11,AMAZONAS,2
2014,11,ANTIOQUIA,271
2014,11,ARAUCA,9
2014,11,ATLÁNTICO,197
2014,11,BOLÍVAR,89
2014,11,BOYACÁ,37
2014,11,CALDAS,113
2014,11,CAQUETÁ,35
2014,11,CASANARE,18
2014,11,CAUCA,27
2014,11,CESAR,42
2014,11,CHOCÓ,39
2014,11,CUNDINAMARCA,765
2014,11,CÓRDOBA,56
2014,11,GUAJIRA,66
2014,11,GUAVIARE,1
2014,11,HUILA,133
2014,11,MAGDALENA,68
2014,11,META,125
2014,11,NARIÑO,32
2014,11,NORTE DE SANTANDER,72
2014,11,PUTUMAYO,18
2014,11,QUINDÍO,150
2014,11,RISARALDA,83
2014,11,SAN ANDRÉS,4
2014,11,SANTANDER,192
2014,11,SUCRE,62
2014,11,TOLIMA,109
2014,11,VALLE,375
2014,11,VICHADA,1
2014,12,ANTIOQUIA,271
2014,12,ARAUCA,23
2014,12,ATLÁNTICO,186
2014,12,BOLÍVAR,58
2014,12,BOYACÁ,46
2014,12,CALDAS,67
2014,12,CAQUETÁ,58
2014,12,CASANARE,42
2014,12,CAUCA,33
2014,12,CESAR,38
2014,12,CHOCÓ,26
2014,12,CUNDINAMARCA,458
2014,12,CÓRDOBA,84
2014,12,GUAJIRA,38
2014,12,GUAVIARE,5
2014,12,HUILA,141
2014,12,MAGDALENA,98
2014,12,META,120
2014,12,NARIÑO,55
2014,12,NORTE DE SANTANDER,52
2014,12,PUTUMAYO,90
2014,12,QUINDÍO,104
2014,12,RISARALDA,84
2014,12,SAN ANDRÉS,4
2014,12,SANTANDER,185
2014,12,SUCRE,115
2014,12,TOLIMA,101
2014,12,VALLE,443
2014,12,VICHADA,1
2015,1,AMAZONAS,2
2015,1,ANTIOQUIA,436
2015,1,ARAUCA,14
2015,1,ATLÁNTICO,294
2015,1,BOLÍVAR,118
2015,1,BOYACÁ,152
2015,1,CALDAS,130
2015,1,CAQUETÁ,82
2015,1,CASANARE,20
2015,1,CAUCA,85
2015,1,CESAR,173
2015,1,CHOCÓ,36
2015,1,CUNDINAMARCA,911
2015,1,CÓRDOBA,104
2015,1,GUAJIRA,97
2015,1,HUILA,176
2015,1,MAGDALENA,128
2015,1,META,175
2015,1,NARIÑO,84
2015,1,NORTE DE SANTANDER,70
2015,1,PUTUMAYO,15
2015,1,QUINDÍO,159
2015,1,RISARALDA,97
2015,1,SAN ANDRÉS,8
2015,1,SANTANDER,249
2015,1,SUCRE,97
2015,1,TOLIMA,167
2015,1,VALLE,569
2015,2,AMAZONAS,8
2015,2,ANTIOQUIA,557
2015,2,ARAUCA,14
2015,2,ATLÁNTICO,254
2015,2,BOLÍVAR,84
2015,2,BOYACÁ,80
2015,2,CALDAS,89
2015,2,CAQUETÁ,120
2015,2,CASANARE,38
2015,2,CAUCA,106
2015,2,CESAR,85
2015,2,CHOCÓ,17
2015,2,CUNDINAMARCA,1013
2015,2,CÓRDOBA,86
2015,2,GUAINÍA,1
2015,2,GUAJIRA,51
2015,2,GUAVIARE,4
2015,2,HUILA,143
2015,2,MAGDALENA,94
2015,2,META,251
2015,2,NARIÑO,78
2015,2,NORTE DE SANTANDER,88
2015,2,PUTUMAYO,12
2015,2,QUINDÍO,126
2015,2,RISARALDA,108
2015,2,SAN ANDRÉS,5
2015,2,SANTANDER,219
2015,2,SUCRE,67
2015,2,TOLIMA,181
2015,2,VALLE,393
2015,2,VICHADA,1
2015,3,AMAZONAS,1
2015,3,ANTIOQUIA,633
2015,3,ARAUCA,24
2015,3,ATLÁNTICO,493
2015,3,BOLÍVAR,53
2015,3,BOYACÁ,69
2015,3,CALDAS,95
2015,3,CAQUETÁ,45
2015,3,CASANARE,56
2015,3,CAUCA,67
2015,3,CESAR,48
2015,3,CHOCÓ,8
2015,3,CUNDINAMARCA,2355
2015,3,CÓRDOBA,71
2015,3,GUAINÍA,24
2015,3,GUAJIRA,72
2015,3,GUAVIARE,2
2015,3,HUILA,115
2015,3,MAGDALENA,110
2015,3,META,91
2015,3,NARIÑO,80
2015,3,NORTE DE SANTANDER,91
2015,3,PUTUMAYO,19
2015,3,QUINDÍO,92
2015,3,RISARALDA,117
2015,3,SAN ANDRÉS,1
2015,3,SANTANDER,223
2015,3,SUCRE,79
2015,3,TOLIMA,192
2015,3,VALLE,417
2015,3,VAUPÉS,1
2015,3,VICHADA,1
2015,4,AMAZONAS,2
2015,4,ANTIOQUIA,537
2015,4,ARAUCA,9
2015,4,ATLÁNTICO,314
2015,4,BOLÍVAR,44
2015,4,BOYACÁ,80
2015,4,CALDAS,75
2015,4,CAQUETÁ,57
2015,4,CASANARE,26
2015,4,CAUCA,59
2015,4,CESAR,50
2015,4,CHOCÓ,18
2015,4,CUNDINAMARCA,965
2015,4,CÓRDOBA,87
2015,4,GUAJIRA,88
2015,4,GUAVIARE,5
2015,4,HUILA,181
2015,4,MAGDALENA,83
2015,4,META,164
2015,4,NARIÑO,74
2015,4,NORTE DE SANTANDER,71
2015,4,PUTUMAYO,31
2015,4,QUINDÍO,134
2015,4,RISARALDA,142
2015,4,SAN ANDRÉS,10
2015,4,SANTANDER,240
2015,4,SUCRE,74
2015,4,TOLIMA,182
2015,4,VALLE,443
2015,4,VICHADA,4
2015,5,ANTIOQUIA,885
2015,5,ARAUCA,18
2015,5,ATLÁNTICO,272
2015,5,BOLÍVAR,57
2015,5,BOYACÁ,83
2015,5,CALDAS,86
2015,5,CAQUETÁ,51
2015,5,CASANARE,62
2015,5,CAUCA,34
2015,5,CESAR,80
2015,5,CHOCÓ,49
2015,5,CUNDINAMARCA,1897
2015,5,CÓRDOBA,93
2015,5,GUAJIRA,70
2015,5,GUAVIARE,2
2015,5,HUILA,149
2015,5,MAGDALENA,104
2015,5,META,295
2015,5,NARIÑO,118
2015,5,NORTE DE SANTANDER,72
2015,5,PUTUMAYO,18
2015,5,QUINDÍO,188
2015,5,RISARALDA,92
2015,5,SAN ANDRÉS,5
2015,5,SANTANDER,392
2015,5,SUCRE,68
2015,5,TOLIMA,163
2015,5,VALLE,588
2015,5,VICHADA,4
2015,6,ANTIOQUIA,531
2015,6,ARAUCA,20
2015,6,ATLÁNTICO,307
2015,6,BOLÍVAR,39
2015,6,BOYACÁ,67
2015,6,CALDAS,86
2015,6,CAQUETÁ,57
2015,6,CASANARE,29
2015,6,CAUCA,86
2015,6,CESAR,69
2015,6,CHOCÓ,16
2015,6,CUNDINAMARCA,636
2015,6,CÓRDOBA,68
2015,6,GUAJIRA,118
2015,6,GUAVIARE,3
2015,6,HUILA,141
2015,6,MAGDALENA,71
2015,6,META,157
2015,6,NARIÑO,96
2015,6,NORTE DE SANTANDER,62
2015,6,PUTUMAYO,11
2015,6,QUINDÍO,69
2015,6,RISARALDA,72
2015,6,SAN ANDRÉS,12
2015,6,SANTANDER,251
2015,6,SUCRE,63
2015,6,TOLIMA,179
2015,6,VALLE,385
2015,6,VAUPÉS,2
2015,6,VICHADA,1
2015,7,AMAZONAS,3
2015,7,ANTIOQUIA,625
2015,7,ARAUCA,9
2015,7,ATLÁNTICO,220
2015,7,BOLÍVAR,46
2015,7,BOYACÁ,54
2015,7,CALDAS,103
2015,7,CAQUETÁ,63
2015,7,CASANARE,27
2015,7,CAUCA,109
2015,7,CESAR,82
2015,7,CHOCÓ,13
2015,7,CUNDINAMARCA,711
2015,7,CÓRDOBA,64
2015,7,GUAINÍA,1
2015,7,GUAJIRA,59
2015,7,GUAVIARE,2
2015,7,HUILA,192
2015,7,MAGDALENA,92
2015,7,META,117
2015,7,NARIÑO,106
2015,7,NORTE DE SANTANDER,61
2015,7,PUTUMAYO,9
2015,7,QUINDÍO,70
2015,7,RISARALDA,74
2015,7,SAN ANDRÉS,18
2015,7,SANTANDER,309
2015,7,SUCRE,37
2015,7,TOLIMA,150
2015,7,VALLE,424
2015,7,VICHADA,1
2015,8,AMAZONAS,3
2015,8,ANTIOQUIA,606
2015,8,ARAUCA,18
2015,8,ATLÁNTICO,218
2015,8,BOLÍVAR,48
2015,8,BOYACÁ,66
2015,8,CALDAS,92
2015,8,CAQUETÁ,63
2015,8,CASANARE,15
2015,8,CAUCA,80
2015,8,CESAR,91
2015,8,CHOCÓ,8
2015,8,CUNDINAMARCA,712
2015,8,CÓRDOBA,66
2015,8,GUAINÍA,3
2015,8,GUAJIRA,64
2015,8,GUAVIARE,1
2015,8,HUILA,165
2015,8,MAGDALENA,93
2015,8,META,152
2015,8,NARIÑO,91
2015,8,NORTE DE SANTANDER,162
2015,8,PUTUMAYO,25
2015,8,QUINDÍO,67
2015,8,RISARALDA,122
2015,8,SAN ANDRÉS,16
2015,8,SANTANDER,404
2015,8,SUCRE,62
2015,8,TOLIMA,163
2015,8,VALLE,432
2015,8,VAUPÉS,2
2015,9,AMAZONAS,4
2015,9,ANTIOQUIA,679
2015,9,ARAUCA,13
2015,9,ATLÁNTICO,264
2015,9,BOLÍVAR,39
2015,9,BOYACÁ,104
2015,9,CALDAS,81
2015,9,CAQUETÁ,50
2015,9,CASANARE,43
2015,9,CAUCA,72
2015,9,CESAR,64
2015,9,CHOCÓ,24
2015,9,CUNDINAMARCA,646
2015,9,CÓRDOBA,67
2015,9,GUAINÍA,3
2015,9,GUAJIRA,72
2015,9,GUAVIARE,3
2015,9,HUILA,150
2015,9,MAGDALENA,62
2015,9,META,196
2015,9,NARIÑO,192
2015,9,NORTE DE SANTANDER,60
2015,9,PUTUMAYO,12
2015,9,QUINDÍO,105
2015,9,RISARALDA,80
2015,9,SAN ANDRÉS,5
2015,9,SANTANDER,272
2015,9,SUCRE,25
2015,9,TOLIMA,180
2015,9,VALLE,545
2015,9,VICHADA,2
2015,10,AMAZONAS,2
2015,10,ANTIOQUIA,666
2015,10,ARAUCA,13
2015,10,ATLÁNTICO,243
2015,10,BOLÍVAR,29
2015,10,BOYACÁ,144
2015,10,CALDAS,98
2015,10,CAQUETÁ,81
2015,10,CASANARE,41
2015,10,CAUCA,122
2015,10,CESAR,71
2015,10,CHOCÓ,34
2015,10,CUNDINAMARCA,670
2015,10,CÓRDOBA,81
2015,10,GUAINÍA,3
2015,10,GUAJIRA,82
2015,10,GUAVIARE,2
2015,10,HUILA,180
2015,10,MAGDALENA,78
2015,10,META,269
2015,10,NARIÑO,89
2015,10,NORTE DE SANTANDER,99
2015,10,PUTUMAYO,33
2015,10,QUINDÍO,108
2015,10,RISARALDA,56
2015,10,SAN ANDRÉS,15
2015,10,SANTANDER,349
2015,10,SUCRE,38
2015,10,TOLIMA,156
2015,10,VALLE,542
2015,10,VAUPÉS,3
2015,11,AMAZONAS,12
2015,11,ANTIOQUIA,545
2015,11,ARAUCA,14
2015,11,ATLÁNTICO,106
2015,11,BOLÍVAR,55
2015,11,BOYACÁ,63
2015,11,CALDAS,133
2015,11,CAQUETÁ,69
2015,11,CASANARE,75
2015,11,CAUCA,93
2015,11,CESAR,34
2015,11,CHOCÓ,24
2015,11,CUNDINAMARCA,592
2015,11,CÓRDOBA,79
2015,11,GUAINÍA,1
2015,11,GUAJIRA,46
2015,11,HUILA,189
2015,11,MAGDALENA,104
2015,11,META,195
2015,11,NARIÑO,84
2015,11,NORTE DE SANTANDER,65
2015,11,PUTUMAYO,16
2015,11,QUINDÍO,103
2015,11,RISARALDA,69
2015,11,SAN ANDRÉS,14
2015,11,SANTANDER,312
2015,11,SUCRE,28
2015,11,TOLIMA,162
2015,11,VALLE,584
2015,12,AMAZONAS,6
2015,12,ANTIOQUIA,594
2015,12,ARAUCA,9
2015,12,ATLÁNTICO,139
2015,12,BOLÍVAR,25
2015,12,BOYACÁ,54
2015,12,CALDAS,94
2015,12,CAQUETÁ,54
2015,12,CASANARE,44
2015,12,CAUCA,109
2015,12,CESAR,97
2015,12,CHOCÓ,11
2015,12,CUNDINAMARCA,544
2015,12,CÓRDOBA,63
2015,12,GUAINÍA,1
2015,12,GUAJIRA,94
2015,12,GUAVIARE,1
2015,12,HUILA,173
2015,12,MAGDALENA,74
2015,12,META,115
2015,12,NARIÑO,64
2015,12,NORTE DE SANTANDER,142
2015,12,PUTUMAYO,16
2015,12,QUINDÍO,76
2015,12,RISARALDA,147
2015,12,SAN ANDRÉS,4
2015,12,SANTANDER,220
2015,12,SUCRE,29
2015,12,TOLIMA,208
2015,12,VALLE,356
2016,1,AMAZONAS,8
2016,1,ANTIOQUIA,672
2016,1,ARAUCA,12
2016,1,ATLÁNTICO,317
2016,1,BOLÍVAR,79
2016,1,BOYACÁ,68
2016,1,CALDAS,161
2016,1,CAQUETÁ,65
2016,1,CASANARE,62
2016,1,CAUCA,100
2016,1,CESAR,98
2016,1,CHOCÓ,40
2016,1,CUNDINAMARCA,2578
2016,1,CÓRDOBA,57
2016,1,GUAJIRA,80
2016,1,GUAVIARE,2
2016,1,HUILA,183
2016,1,MAGDALENA,140
2016,1,META,272
2016,1,NARIÑO,140
2016,1,NORTE DE SANTANDER,158
2016,1,PUTUMAYO,41
2016,1,QUINDÍO,154
2016,1,RISARALDA,77
2016,1,SAN ANDRÉS,13
2016,1,SANTANDER,366
2016,1,SUCRE,34
2016,1,TOLIMA,210
2016,1,VALLE,408
2016,1,VAUPÉS,5
2016,2,ANTIOQUIA,759
2016,2,ARAUCA,13
2016,2,ATLÁNTICO,224
2016,2,BOLÍVAR,47
2016,2,BOYACÁ,76
2016,2,CALDAS,102
2016,2,CAQUETÁ,64
2016,2,CASANARE,41
2016,2,CAUCA,97
2016,2,CESAR,85
2016,2,CHOCÓ,18
2016,2,CUNDINAMARCA,1203
2016,2,CÓRDOBA,59
2016,2,GUAINÍA,1
2016,2,GUAJIRA,99
2016,2,HUILA,214
2016,2,MAGDALENA,138
2016,2,META,228
2016,2,NARIÑO,147
2016,2,NORTE DE SANTANDER,86
2016,2,PUTUMAYO,13
2016,2,QUINDÍO,92
2016,2,RISARALDA,101
2016,2,SAN ANDRÉS,36
2016,2,SANTANDER,425
2016,2,SUCRE,34
2016,2,TOLIMA,167
2016,2,VALLE,521
2016,2,VICHADA,1
2016,3,AMAZONAS,8
2016,3,ANTIOQUIA,644
2016,3,ARAUCA,12
2016,3,ATLÁNTICO,220
2016,3,BOLÍVAR,48
2016,3,BOYACÁ,70
2016,3,CALDAS,118
2016,3,CAQUETÁ,55
2016,3,CASANARE,50
2016,3,CAUCA,112
2016,3,CESAR,86
2016,3,CHOCÓ,18
2016,3,CUNDINAMARCA,1122
2016,3,CÓRDOBA,83
2016,3,GUAINÍA,1
2016,3,GUAJIRA,85
2016,3,HUILA,158
2016,3,MAGDALENA,146
2016,3,META,231
2016,3,NARIÑO,118
2016,3,NORTE DE SANTANDER,102
2016,3,PUTUMAYO,27
2016,3,QUINDÍO,91
2016,3,RISARALDA,115
2016,3,SAN ANDRÉS,9
2016,3,SANTANDER,558
2016,3,SUCRE,41
2016,3,TOLIMA,200
2016,3,VALLE,640
2016,3,VICHADA,1
2016,4,AMAZONAS,9
2016,4,ANTIOQUIA,742
2016,4,ARAUCA,17
2016,4,ATLÁNTICO,204
2016,4,BOLÍVAR,52
2016,4,BOYACÁ,77
2016,4,CALDAS,93
2016,4,CAQUETÁ,82
2016,4,CASANARE,51
2016,4,CAUCA,111
2016,4,CESAR,168
2016,4,CHOCÓ,8
2016,4,CUNDINAMARCA,874
2016,4,CÓRDOBA,93
2016,4,GUAJIRA,68
2016,4,GUAVIARE,1
2016,4,HUILA,173
2016,4,MAGDALENA,199
2016,4,META,268
2016,4,NARIÑO,101
2016,4,NORTE DE SANTANDER,112
2016,4,PUTUMAYO,12
2016,4,QUINDÍO,92
2016,4,RISARALDA,109
2016,4,SAN ANDRÉS,19
2016,4,SANTANDER,403
2016,4,SUCRE,58
2016,4,TOLIMA,174
2016,4,VALLE,493
2016,4,VICHADA,1
2016,5,AMAZONAS,10
2016,5,ANTIOQUIA,877
2016,5,ARAUCA,20
2016,5,ATLÁNTICO,250
2016,5,BOLÍVAR,46
2016,5,BOYACÁ,67
2016,5,CALDAS,128
2016,5,CAQUETÁ,93
2016,5,CASANARE,59
2016,5,CAUCA,125
2016,5,CESAR,122
2016,5,CHOCÓ,18
2016,5,CUNDINAMARCA,805
2016,5,CÓRDOBA,84
2016,5,GUAJIRA,104
2016,5,HUILA,167
2016,5,MAGDALENA,181
2016,5,META,203
2016,5,NARIÑO,150
2016,5,NORTE DE SANTANDER,107
2016,5,PUTUMAYO,7
2016,5,QUINDÍO,122
2016,5,RISARALDA,112
2016,5,SAN ANDRÉS,33
2016,5,SANTANDER,349
2016,5,SUCRE,55
2016,5,TOLIMA,297
2016,5,VALLE,479
2016,5,VICHADA,2
2016,6,AMAZONAS,6
2016,6,ANTIOQUIA,823
2016,6,ARAUCA,7
2016,6,ATLÁNTICO,291
2016,6,BOLÍVAR,60
2016,6,BOYACÁ,77
2016,6,CALDAS,105
2016,6,CAQUETÁ,50
2016,6,CASANARE,64
2016,6,CAUCA,94
2016,6,CESAR,89
2016,6,CHOCÓ,14
2016,6,CUNDINAMARCA,762
2016,6,CÓRDOBA,116
2016,6,GUAJIRA,80
2016,6,GUAVIARE,1
2016,6,HUILA,160
2016,6,MAGDALENA,221
2016,6,META,265
2016,6,NARIÑO,90
2016,6,NORTE DE SANTANDER,131
2016,6,PUTUMAYO,14
2016,6,QUINDÍO,94
2016,6,RISARALDA,105
2016,6,SAN ANDRÉS,24
2016,6,SANTANDER,427
2016,6,SUCRE,46
2016,6,TOLIMA,242
2016,6,VALLE,481
2016,7,AMAZONAS,7
2016,7,ANTIOQUIA,856
2016,7,ARAUCA,6
2016,7,ATLÁNTICO,198
2016,7,BOLÍVAR,68
2016,7,BOYACÁ,63
2016,7,CALDAS,101
2016,7,CAQUETÁ,67
2016,7,CASANARE,88
2016,7,CAUCA,138
2016,7,CESAR,292
2016,7,CHOCÓ,14
2016,7,CUNDINAMARCA,721
2016,7,CÓRDOBA,81
2016,7,GUAJIRA,83
2016,7,GUAVIARE,4
2016,7,HUILA,154
2016,7,MAGDALENA,127
2016,7,META,216
2016,7,NARIÑO,112
2016,7,NORTE DE SANTANDER,83
2016,7,PUTUMAYO,15
2016,7,QUINDÍO,133
2016,7,RISARALDA,136
2016,7,SAN ANDRÉS,30
2016,7,SANTANDER,378
2016,7,SUCRE,60
2016,7,TOLIMA,237
2016,7,VALLE,603
2016,7,VAUPÉS,1
2016,8,AMAZONAS,6
2016,8,ANTIOQUIA,881
2016,8,ARAUCA,15
2016,8,ATLÁNTICO,229
2016,8,BOLÍVAR,57
2016,8,BOYACÁ,46
2016,8,CALDAS,118
2016,8,CAQUETÁ,56
2016,8,CASANARE,47
2016,8,CAUCA,117
2016,8,CESAR,109
2016,8,CHOCÓ,36
2016,8,CUNDINAMARCA,883
2016,8,CÓRDOBA,82
2016,8,GUAJIRA,67
2016,8,HUILA,195
2016,8,MAGDALENA,123
2016,8,META,179
2016,8,NARIÑO,130
2016,8,NORTE DE SANTANDER,85
2016,8,PUTUMAYO,17
2016,8,QUINDÍO,102
2016,8,RISARALDA,175
2016,8,SAN ANDRÉS,21
2016,8,SANTANDER,417
2016,8,SUCRE,67
2016,8,TOLIMA,248
2016,8,VALLE,610
2016,9,AMAZONAS,8
2016,9,ANTIOQUIA,887
2016,9,ARAUCA,18
2016,9,ATLÁNTICO,232
2016,9,BOLÍVAR,51
2016,9,BOYACÁ,80
2016,9,CALDAS,162
2016,9,CAQUETÁ,70
2016,9,CASANARE,156
2016,9,CAUCA,114
2016,9,CESAR,99
2016,9,CHOCÓ,10
2016,9,CUNDINAMARCA,947
2016,9,CÓRDOBA,91
2016,9,GUAJIRA,78
2016,9,GUAVIARE,3
2016,9,HUILA,150
2016,9,MAGDALENA,123
2016,9,META,187
2016,9,NARIÑO,168
2016,9,NORTE DE SANTANDER,131
2016,9,PUTUMAYO,12
2016,9,QUINDÍO,108
2016,9,RISARALDA,123
2016,9,SAN ANDRÉS,22
2016,9,SANTANDER,413
2016,9,SUCRE,56
2016,9,TOLIMA,217
2016,9,VALLE,659
2016,9,VAUPÉS,1
2016,9,VICHADA,2
2016,10,AMAZONAS,10
2016,10,ANTIOQUIA,982
2016,10,ARAUCA,19
2016,10,ATLÁNTICO,216
2016,10,BOLÍVAR,54
2016,10,BOYACÁ,73
2016,10,CALDAS,120
2016,10,CAQUETÁ,141
2016,10,CASANARE,41
2016,10,CAUCA,108
2016,10,CESAR,111
2016,10,CHOCÓ,15
2016,10,CUNDINAMARCA,991
2016,10,CÓRDOBA,106
2016,10,GUAJIRA,67
2016,10,GUAVIARE,2
2016,10,HUILA,184
2016,10,MAGDALENA,136
2016,10,META,221
2016,10,NARIÑO,237
2016,10,NORTE DE SANTANDER,106
2016,10,PUTUMAYO,15
2016,10,QUINDÍO,94
2016,10,RISARALDA,129
2016,10,SAN ANDRÉS,14
2016,10,SANTANDER,475
2016,10,SUCRE,50
2016,10,TOLIMA,178
2016,10,VALLE,743
2016,10,VAUPÉS,1
2016,11,AMAZONAS,10
2016,11,ANTIOQUIA,1025
2016,11,ARAUCA,29
2016,11,ATLÁNTICO,129
2016,11,BOLÍVAR,88
2016,11,BOYACÁ,79
2016,11,CALDAS,98
2016,11,CAQUETÁ,81
2016,11,CASANARE,39
2016,11,CAUCA,150
2016,11,CESAR,143
2016,11,CHOCÓ,15
2016,11,CUNDINAMARCA,1038
2016,11,CÓRDOBA,102
2016,11,GUAINÍA,1
2016,11,GUAJIRA,62
2016,11,GUAVIARE,2
2016,11,HUILA,191
2016,11,MAGDALENA,117
2016,11,META,232
2016,11,NARIÑO,212
2016,11,NORTE DE SANTANDER,139
2016,11,PUTUMAYO,26
2016,11,QUINDÍO,100
2016,11,RISARALDA,130
2016,11,SAN ANDRÉS,19
2016,11,SANTANDER,366
2016,11,SUCRE,74
2016,11,TOLIMA,164
2016,11,VALLE,635
2016,11,VICHADA,5
2016,12,AMAZONAS,8
2016,12,ANTIOQUIA,1014
2016,12,ARAUCA,24
2016,12,ATLÁNTICO,171
2016,12,BOLÍVAR,28
2016,12,BOYACÁ,133
2016,12,CALDAS,100
2016,12,CAQUETÁ,28
2016,12,CASANARE,53
2016,12,CAUCA,137
2016,12,CESAR,126
2016,12,CHOCÓ,8
2016,12,CUNDINAMARCA,879
2016,12,CÓRDOBA,90
2016,12,GUAJIRA,94
2016,12,GUAVIARE,1
2016,12,HUILA,235
2016,12,MAGDALENA,110
2016,12,META,212
2016,12,NARIÑO,309
2016,12,NORTE DE SANTANDER,99
2016,12,PUTUMAYO,18
2016,12,QUINDÍO,116
2016,12,RISARALDA,163
2016,12,SAN ANDRÉS,41
2016,12,SANTANDER,438
2016,12,SUCRE,91
2016,12,TOLIMA,149
2016,12,VALLE,692
2016,12,VAUPÉS,1
2018,1,AMAZONAS,3
2018,2,AMAZONAS,7
2018,3,AMAZONAS,5
2018,4,AMAZONAS,6
2018,5,AMAZONAS,4
2018,6,AMAZONAS,8
2018,7,AMAZONAS,12
2018,8,AMAZONAS,7
2018,9,AMAZONAS,0
2018,10,AMAZONAS,0
2018,11,AMAZONAS,0
2018,12,AMAZONAS,0
2018,1,ANTIOQUIA,1652
2018,2,ANTIOQUIA,1551
2018,3,ANTIOQUIA,1687
2018,4,ANTIOQUIA,1710
2018,5,ANTIOQUIA,1751
2018,6,ANTIOQUIA,1748
2018,7,ANTIOQUIA,1638
2018,8,ANTIOQUIA,1806
2018,9,ANTIOQUIA,0
2018,10,ANTIOQUIA,0
2018,11,ANTIOQUIA,0
2018,12,ANTIOQUIA,0
2018,1,ARAUCA,25
2018,2,ARAUCA,37
2018,3,ARAUCA,31
2018,4,ARAUCA,29
2018,5,ARAUCA,14
2018,6,ARAUCA,19
2018,7,ARAUCA,27
2018,8,ARAUCA,20
2018,9,ARAUCA,0
2018,10,ARAUCA,0
2018,11,ARAUCA,0
2018,12,ARAUCA,0
2018,1,ATLÁNTICO,575
2018,2,ATLÁNTICO,707
2018,3,ATLÁNTICO,599
2018,4,ATLÁNTICO,614
2018,5,ATLÁNTICO,718
2018,6,ATLÁNTICO,598
2018,7,ATLÁNTICO,674
2018,8,ATLÁNTICO,650
2018,9,ATLÁNTICO,0
2018,10,ATLÁNTICO,0
2018,11,ATLÁNTICO,0
2018,12,ATLÁNTICO,0
2018,1,BOLÍVAR,363
2018,2,BOLÍVAR,324
2018,3,BOLÍVAR,266
2018,4,BOLÍVAR,333
2018,5,BOLÍVAR,346
2018,6,BOLÍVAR,309
2018,7,BOLÍVAR,265
2018,8,BOLÍVAR,247
2018,9,BOLÍVAR,0
2018,10,BOLÍVAR,0
2018,11,BOLÍVAR,0
2018,12,BOLÍVAR,0
2018,1,BOYACÁ,116
2018,2,BOYACÁ,142
2018,3,BOYACÁ,124
2018,4,BOYACÁ,110
2018,5,BOYACÁ,137
2018,6,BOYACÁ,173
2018,7,BOYACÁ,160
2018,8,BOYACÁ,125
2018,9,BOYACÁ,0
2018,10,BOYACÁ,0
2018,11,BOYACÁ,0
2018,12,BOYACÁ,0
2018,1,CÓRDOBA,176
2018,2,CÓRDOBA,159
2018,3,CÓRDOBA,192
2018,4,CÓRDOBA,171
2018,5,CÓRDOBA,145
2018,6,CÓRDOBA,203
2018,7,CÓRDOBA,130
2018,8,CÓRDOBA,159
2018,9,CÓRDOBA,0
2018,10,CÓRDOBA,0
2018,11,CÓRDOBA,0
2018,12,CÓRDOBA,0
2018,1,CALDAS,209
2018,2,CALDAS,120
2018,3,CALDAS,108
2018,4,CALDAS,141
2018,5,CALDAS,126
2018,6,CALDAS,113
2018,7,CALDAS,101
2018,8,CALDAS,119
2018,9,CALDAS,0
2018,10,CALDAS,0
2018,11,CALDAS,0
2018,12,CALDAS,0
2018,1,CAQUETÁ,100
2018,2,CAQUETÁ,59
2018,3,CAQUETÁ,74
2018,4,CAQUETÁ,58
2018,5,CAQUETÁ,70
2018,6,CAQUETÁ,75
2018,7,CAQUETÁ,83
2018,8,CAQUETÁ,108
2018,9,CAQUETÁ,0
2018,10,CAQUETÁ,0
2018,11,CAQUETÁ,0
2018,12,CAQUETÁ,0
2018,1,CASANARE,80
2018,2,CASANARE,70
2018,3,CASANARE,57
2018,4,CASANARE,79
2018,5,CASANARE,88
2018,6,CASANARE,61
2018,7,CASANARE,75
2018,8,CASANARE,60
2018,9,CASANARE,0
2018,10,CASANARE,0
2018,11,CASANARE,0
2018,12,CASANARE,0
2018,1,CAUCA,259
2018,2,CAUCA,275
2018,3,CAUCA,435
2018,4,CAUCA,261
2018,5,CAUCA,222
2018,6,CAUCA,246
2018,7,CAUCA,185
2018,8,CAUCA,171
2018,9,CAUCA,0
2018,10,CAUCA,0
2018,11,CAUCA,0
2018,12,CAUCA,0
2018,1,CESAR,226
2018,2,CESAR,212
2018,3,CESAR,210
2018,4,CESAR,265
2018,5,CESAR,233
2018,6,CESAR,236
2018,7,CESAR,190
2018,8,CESAR,145
2018,9,CESAR,0
2018,10,CESAR,0
2018,11,CESAR,0
2018,12,CESAR,0
2018,1,CHOCÓ,53
2018,2,CHOCÓ,35
2018,3,CHOCÓ,24
2018,4,CHOCÓ,19
2018,5,CHOCÓ,14
2018,6,CHOCÓ,19
2018,7,CHOCÓ,24
2018,8,CHOCÓ,13
2018,9,CHOCÓ,0
2018,10,CHOCÓ,0
2018,11,CHOCÓ,0
2018,12,CHOCÓ,0
2018,1,CUNDINAMARCA,5080
2018,2,CUNDINAMARCA,5172
2018,3,CUNDINAMARCA,4973
2018,4,CUNDINAMARCA,5645
2018,5,CUNDINAMARCA,5460
2018,6,CUNDINAMARCA,5133
2018,7,CUNDINAMARCA,6814
2018,8,CUNDINAMARCA,5715
2018,9,CUNDINAMARCA,0
2018,10,CUNDINAMARCA,0
2018,11,CUNDINAMARCA,0
2018,12,CUNDINAMARCA,0
2018,1,GUAINÍA,3
2018,3,GUAINÍA,1
2018,4,GUAINÍA,1
2018,6,GUAINÍA,1
2018,7,GUAINÍA,1
2018,8,GUAINÍA,4
2018,1,GUAJIRA,97
2018,2,GUAJIRA,111
2018,3,GUAJIRA,77
2018,4,GUAJIRA,104
2018,5,GUAJIRA,92
2018,6,GUAJIRA,78
2018,7,GUAJIRA,72
2018,8,GUAJIRA,96
2018,1,GUAVIARE,2
2018,2,GUAVIARE,2
2018,3,GUAVIARE,3
2018,5,GUAVIARE,15
2018,6,GUAVIARE,1
2018,7,GUAVIARE,36
2018,8,GUAVIARE,3
2018,1,HUILA,287
2018,2,HUILA,242
2018,3,HUILA,198
2018,4,HUILA,229
2018,5,HUILA,264
2018,6,HUILA,292
2018,7,HUILA,292
2018,8,HUILA,252
2018,1,MAGDALENA,310
2018,2,MAGDALENA,270
2018,3,MAGDALENA,229
2018,4,MAGDALENA,221
2018,5,MAGDALENA,209
2018,6,MAGDALENA,202
2018,7,MAGDALENA,290
2018,8,MAGDALENA,228
2018,1,META,308
2018,2,META,259
2018,3,META,261
2018,4,META,205
2018,5,META,198
2018,6,META,201
2018,7,META,235
2018,8,META,238
2018,1,NARIÑO,376
2018,2,NARIÑO,235
2018,3,NARIÑO,225
2018,4,NARIÑO,247
2018,5,NARIÑO,224
2018,6,NARIÑO,211
2018,7,NARIÑO,485
2018,8,NARIÑO,189
2018,1,NORTE DE SANTANDER,181
2018,2,NORTE DE SANTANDER,173
2018,3,NORTE DE SANTANDER,172
2018,4,NORTE DE SANTANDER,204
2018,5,NORTE DE SANTANDER,161
2018,6,NORTE DE SANTANDER,200
2018,7,NORTE DE SANTANDER,216
2018,8,NORTE DE SANTANDER,182
2018,1,PUTUMAYO,22
2018,2,PUTUMAYO,26
2018,3,PUTUMAYO,32
2018,4,PUTUMAYO,24
2018,5,PUTUMAYO,14
2018,6,PUTUMAYO,12
2018,7,PUTUMAYO,10
2018,8,PUTUMAYO,14
2018,1,QUINDÍO,186
2018,2,QUINDÍO,130
2018,3,QUINDÍO,116
2018,4,QUINDÍO,105
2018,5,QUINDÍO,167
2018,6,QUINDÍO,135
2018,7,QUINDÍO,98
2018,8,QUINDÍO,146
2018,1,RISARALDA,179
2018,2,RISARALDA,182
2018,3,RISARALDA,133
2018,4,RISARALDA,174
2018,5,RISARALDA,165
2018,6,RISARALDA,143
2018,7,RISARALDA,142
2018,8,RISARALDA,173
2018,1,SAN ANDRÉS,29
2018,2,SAN ANDRÉS,27
2018,3,SAN ANDRÉS,15
2018,4,SAN ANDRÉS,17
2018,5,SAN ANDRÉS,18
2018,6,SAN ANDRÉS,10
2018,7,SAN ANDRÉS,32
2018,8,SAN ANDRÉS,13
2018,1,SANTANDER,592
2018,2,SANTANDER,526
2018,3,SANTANDER,538
2018,4,SANTANDER,588
2018,5,SANTANDER,565
2018,6,SANTANDER,505
2018,7,SANTANDER,560
2018,8,SANTANDER,508
2018,1,SUCRE,185
2018,2,SUCRE,121
2018,3,SUCRE,140
2018,4,SUCRE,165
2018,5,SUCRE,110
2018,6,SUCRE,110
2018,7,SUCRE,138
2018,8,SUCRE,153
2018,1,TOLIMA,367
2018,2,TOLIMA,288
2018,3,TOLIMA,312
2018,4,TOLIMA,279
2018,5,TOLIMA,281
2018,6,TOLIMA,238
2018,7,TOLIMA,310
2018,8,TOLIMA,218
2018,1,VALLE,1090
2018,2,VALLE,1262
2018,3,VALLE,1059
2018,4,VALLE,1304
2018,5,VALLE,1271
2018,6,VALLE,1296
2018,7,VALLE,1292
2018,8,VALLE,1193
2018,1,VAUPÉS,1
2018,6,VAUPÉS,1
2018,1,VICHADA,7
2018,2,VICHADA,4
2018,3,VICHADA,3
2018,4,VICHADA,3
2018,5,VICHADA,1
2018,6,VICHADA,1
2018,8,VICHADA,1
